{
  "accuracy": 0.9615384615384616,
  "precision": 0.9615384615384616,
  "recall": 0.9615384615384616,
  "f1": 0.9615384615384616,
  "pairwise_accuracy": 0.9615384615384616,
  "num_pairs": 26,
  "num_pointwise_examples": 52,
  "mean_reward_margin": 0.06147836538461539,
  "min_reward_margin": -0.01875,
  "max_reward_margin": 0.15000000000000002,
  "beta": 0.1,
  "average_logprob": false,
  "eval_source": "tenacious_bench/dpo/held_out_dpo.jsonl",
  "model_type": "causal_lm_lora_dpo",
  "adapter_dir": "models/judge",
  "base_model": "unsloth/Llama-3.2-1B-Instruct-bnb-4bit"
}